{
  "trialCounting": {
    "singleParamExperiments": 190,
    "cmaes3SymRuns": 20,
    "cmaesBroadRuns": 4,
    "forexRuns": 4,
    "goldRuns": 20,
    "totalIndependent": 238
  },
  "numTrialsUsed": 238,
  "results": [
    {
      "config": "3sym (Run 20)",
      "originalSharpe": 8.772073619351088,
      "deflatedSharpe": 7.577978644925395,
      "haircut": 1.1940949744256935,
      "numTrials": 238,
      "numTrades": 555,
      "skewness": 0.611826495858526,
      "kurtosis": 2.9856276851319072,
      "isSignificant": true,
      "minBacktestLength": 6,
      "actualObservations": 555,
      "mblPass": true,
      "minSignificantSharpe": 0.15540007994644275,
      "passRate": 0.6565656565656566
    },
    {
      "config": "7sym (Broad Run 4)",
      "originalSharpe": 2.420547139285336,
      "deflatedSharpe": 2.2091150317706902,
      "haircut": 0.21143210751464583,
      "numTrials": 238,
      "numTrades": 1699,
      "skewness": 0.5819014447059219,
      "kurtosis": 4.016631554260007,
      "isSignificant": true,
      "minBacktestLength": 8,
      "actualObservations": 1699,
      "mblPass": true,
      "minSignificantSharpe": 0.09364207748199818,
      "passRate": 0.49130434782608695
    }
  ],
  "allPass": true
}