{
  "timestamp": "2026-02-07T17:05:30.967Z",
  "symbols": [
    "BTCUSDT",
    "ETHUSDT",
    "SOLUSDT"
  ],
  "phase1": {
    "results": [
      {
        "threshold": 3,
        "allWindowSharpes": [
          0,
          0,
          0,
          0,
          0,
          -61.00451531431419,
          164.94595901780662,
          0,
          -261.57323291336604,
          0,
          -50.87279098794053,
          -42.04908340382975,
          83.47959331190991,
          0,
          156.93929115793205,
          -29.364783737624375,
          11.941641680654161,
          -40.00770394879647,
          9.94900851988657,
          -35.264379495946514,
          -9.71795482473005,
          0,
          -396.45527311662926,
          -11.093118017847576,
          0,
          0,
          -18.37176313367935,
          0,
          0,
          0,
          53.393671349398446,
          0,
          0,
          120.74743742088224,
          -10.285930823521994,
          -26.9923408457793,
          62.28765757604177,
          -595.1541759884237,
          -11.111405664996516,
          -633.4324481814656,
          -79.16784316767776,
          -5.061959343679544,
          46.860769503033545,
          36.13120003421237,
          -80.19929999239149,
          0.8494573809104019,
          0,
          -6.249514887221935,
          -32.47659217807478,
          -52.69223367012202,
          -92.20685537143211,
          25.39104884128506,
          -70.49333450310544,
          -6.862946667667007,
          2.6211799802721254,
          13.730321099103353,
          29.632785442909825,
          14.791795013161439,
          -309.45907425282337,
          15.412428759759175,
          6.638723794028248,
          -17.20107399550995,
          -38.66825103548782,
          21.453165881814417,
          -5.911631776106178,
          7.677615495090855,
          20.930249981407755,
          29.128978390756842,
          -9.036282278006894,
          24.986947114599964,
          -178.1610449603552,
          114.31024735150315,
          8.569273628991798,
          -4.230912403146806,
          -15.723752181538321,
          10.22817976248128,
          11.316665453965335,
          41.906965152735,
          -13.543468573657567,
          9.161142232900259,
          6.531583754810207,
          38.80624150889077,
          29.633465755370644,
          -3.9462701041505204,
          -22.01671454373805,
          54.23039262513343,
          7.548426429969193,
          3.801799024653218,
          -25.001062841219373,
          -67.50719033463864,
          -44.170023839133634,
          -31.383812746104493,
          -27.49436329235215,
          24.19820879369439,
          9.779807121174327,
          33.31220964559905,
          -13.843492791141786,
          -36.88789541063024,
          -12.909624960230515
        ],
        "minSharpe": -633.4324481814656,
        "avgSharpe": -21.939413005166728,
        "stdSharpe": 111.40557605675764,
        "passRate": 0.3838383838383838,
        "windowsPassed": 38,
        "totalWindows": 99,
        "totalTrades": 439
      },
      {
        "threshold": 3.5,
        "allWindowSharpes": [
          0,
          0,
          0,
          0,
          0,
          -61.00451531431419,
          164.94595901780662,
          0,
          0,
          0,
          -47.55749607936519,
          1.7157323192670932,
          0,
          0,
          156.93929115793205,
          -19.99495478880702,
          11.941641680654161,
          -39.82645361423597,
          -1.6736289228160728,
          -35.264379495946514,
          23.597299360421935,
          0,
          -396.45527311662926,
          -35.11458335789434,
          0,
          0,
          7.61196985743583,
          0,
          0,
          0,
          53.393671349398446,
          0,
          0,
          89.75930083137368,
          -10.285930823521994,
          -26.9923408457793,
          62.378322097340394,
          -595.1541759884237,
          -11.111405664996516,
          -775.574614918561,
          -80.02203404023808,
          -5.061959343679544,
          46.860769503033545,
          50.44497542121572,
          -80.19929999239149,
          -0.8323999406280934,
          0,
          7.116029323029562,
          -52.35193173368643,
          -52.69223367012202,
          -92.20685537143211,
          3.8042813477379056,
          -47.22990588457851,
          -20.471949685142114,
          34.844636734463215,
          32.10359197520552,
          27.33386273011986,
          28.36567297722248,
          -333.06293752799235,
          15.412428759759175,
          6.638723794028248,
          -0.9400854573844443,
          0,
          21.453165881814417,
          -5.911631776106178,
          7.677615495090855,
          20.930249981407755,
          19.85519306117418,
          -9.036282278006894,
          10.223375400811983,
          -166.34400533394373,
          35.508021336741784,
          8.569273628991798,
          -5.169944451720712,
          -19.287211313411973,
          3.2308127137259137,
          2.6797266707983756,
          38.79994505166418,
          -14.64521502669794,
          11.822605974839155,
          -26.48252534881682,
          48.82884731798053,
          -2.9024704558439565,
          8.841463436209112,
          -22.01671454373805,
          41.07712385922618,
          7.548426429969193,
          -34.96075259608268,
          -48.980393071070104,
          -29.719350659668606,
          -42.57161444962282,
          -62.45987137214866,
          -42.184113604425995,
          38.54297567783136,
          16.94717360827276,
          17.975550348730426,
          2.349338279347351,
          -21.50438521010032,
          6.681655756277999
        ],
        "minSharpe": -775.574614918561,
        "avgSharpe": -22.025324514359813,
        "stdSharpe": 116.5967139666665,
        "passRate": 0.3939393939393939,
        "windowsPassed": 39,
        "totalWindows": 99,
        "totalTrades": 377
      },
      {
        "threshold": 4,