{
  "timestamp": "2026-02-07T16:54:25.788Z",
  "symbols": [
    "BTCUSDT",
    "ETHUSDT",
    "SOLUSDT"
  ],
  "phase1": {
    "results": [
      {
        "threshold": 3,
        "allWindowSharpes": [
          -252.8976289903471,
          0,
          0,
          0,
          0,
          -72.75445295798248,
          177.4544950381504,
          0,
          -261.57323291336604,
          89.36568129202111,
          -50.87279098794053,
          -17.835673740369277,
          97.10564113751839,
          0,
          156.93929115793205,
          -37.09805909142024,
          -23.347458264560522,
          -50.195477084546496,
          -1.998558223380672,
          -27.623277738554,
          -11.025755021848584,
          28.124641000659146,
          -396.45527311662926,
          -10.617857479997962,
          0,
          -28.318879792261097,
          -18.37176313367935,
          -574.5406194488019,
          -553.4759898724898,
          0,
          53.393671349398446,
          0,
          8.650576904301087,
          33.375385961911896,
          2.151917087286285,
          -15.889776869948069,
          89.79723017350972,
          -595.1541759884237,
          -26.344431257779767,
          -633.4324481814656,
          -21.92919927375671,
          10.238148588569679,
          59.45506284113437,
          28.927672431086066,
          -82.90254071663368,
          -6.881075805319767,
          -41.32614388980638,
          0.5256525509378421,
          -42.065406881450535,
          -26.403566768392395,
          -49.134539298439556,
          31.737389151921956,
          -12.162488199316089,
          -27.289534708095214,
          3.801039592238689,
          3.473331271952142,
          28.53833982590145,
          -2.4304719802800605,
          -426.22100968780154,
          -10.682299127744283,
          9.207429610302263,
          -17.20107399550995,
          -26.816202337321688,
          21.453165881814417,
          10.924151045416007,
          10.564361147887853,
          4.543312414660144,
          29.128978390756842,
          -14.340856071312022,
          -2.8122675475999426,
          -169.95254367142599,
          61.12524680838615,
          -35.71814852981021,
          2.2463524183891677,
          7.025795530167311,
          -20.51657740834666,
          11.6186144927245,
          41.906965152735,
          -15.939865091928134,
          9.161142232900259,
          6.805959169962387,
          34.334062619831265,
          10.821777164880293,
          1.5683769197521134,
          -11.320417829991065,
          -11.135131286560387,
          4.062446593892263,
          -22.122141227575177,
          -12.343267340449707,
          -67.50719033463864,
          -200.44160611827394,
          -28.583785440830734,
          -44.11278965947472,
          8.903499054279044,
          -10.458419642679113,
          28.509246079865836,
          -2.5944469494926894,
          0.9881421508545629,
          5.481546395101416
        ],
        "minSharpe": -633.4324481814656,
        "avgSharpe": -39.39124089237432,
        "stdSharpe": 139.37944998839419,
        "passRate": 0.3939393939393939,
        "windowsPassed": 39,
        "totalWindows": 99,
        "totalTrades": 563
      },
      {
        "threshold": 3.5,
        "allWindowSharpes": [
          -252.8976289903471,
          0,
          0,
          0,
          0,
          -72.75445295798248,
          177.4544950381504,
          0,
          0,
          53.842445324773244,
          -47.55749607936519,
          15.49951839720594,
          40.249918083771504,
          0,
          156.93929115793205,
          -26.670110058982967,
          -15.34941663421491,
          -50.00200617531984,
          -13.705284061138038,
          -45.310706039434166,
          0.3654372969896725,
          -4.005403131049795,
          -396.45527311662926,
          -31.5328946433608,
          0,
          0,
          7.61196985743583,
          0,
          0,
          0,
          53.393671349398446,
          0,
          0,
          89.75930083137368,
          2.151917087286285,
          -15.889776869948069,
          89.76728327850402,
          -595.1541759884237,
          -26.344431257779767,
          -775.574614918561,
          -22.76587058182027,
          11.546499084857299,
          46.860769503033545,
          39.790000308543284,
          -82.90254071663368,
          -9.029153406859608,
          -41.32614388980638,
          14.542907570741617,
          -63.66699675789492,
          -26.532867780337007,
          -49.134539298439556,
          29.940163350324163,
          8.6649128310185,
          -42.04561501492446,
          21.19495272800478,
          13.213671395903823,
          13.036723065427347,
          11.629420876662222,
          -522.9207218812905,
          -10.682299127744283,
          9.207429610302263,
          -18.241117731305593,
          -138.72578291079148,
          21.453165881814417,
          6.250146568311785,
          2.7609061119733176,
          4.543312414660144,
          19.85519306117418,
          -14.891532672382073,
          15.315683850595624,
          -204.82485154451905,
          19.4350586915556,
          -35.71814852981021,
          -14.547405675588486,
          -7.999240437233263,
          -23.62930901299789,
          2.947110176647322,
          38.79994505166418,
          -17.226956970782794,
          11.822605974839155,
          -17.999353715275813,
          30.320628300718607,
          8.100371175000163,
          -0.13908269492502995,
          -22.01671454373805,
          7.497919381893909,
          2.4809130367843033,
          -82.92110093220265,
          -48.980393071070104,
          -29.719350659668606,
          -29.941228322056766,
          -49.911588754388774,
          -63.35039747230716,
          26.86092114247291,
          -5.778794822517097,
          17.757269117564555,
          18.673631915259293,
          4.999039984468996,
          25.453450044804296
        ],
        "minSharpe": -775.574614918561,
        "avgSharpe": -29.03821010042431,
        "stdSharpe": 126.13649422760788,
        "passRate": 0.41414141414141414,
        "windowsPassed": 41,
        "totalWindows": 99,
        "totalTrades": 476
      },
      {
        "threshold": 4,