{
  "timestamp": "2026-02-07T17:08:09.294Z",
  "symbols": [
    "BTCUSDT",
    "ETHUSDT",
    "SOLUSDT"
  ],
  "phase1": {
    "results": [
      {
        "threshold": 3,
        "allWindowSharpes": [
          0,
          0,
          0,
          0,
          0,
          -211.27122678667791,
          177.4544950381504,
          0,
          -261.57323291336604,
          0,
          -62.602167112051966,
          -26.326999090184334,
          227.55679837143535,
          0,
          156.93929115793205,
          -47.605015909057975,
          -10.838009349080599,
          -37.477298037609984,
          11.631803688975628,
          -107.66594929869329,
          -52.30894054476617,
          -4.005403131049795,
          -353.56943523830745,
          -10.617857479997962,
          0,
          -28.318879792261097,
          -18.37176313367935,
          -574.5406194488019,
          0,
          0,
          0,
          0,
          8.650576904301087,
          -63.31165153301607,
          0,
          -15.889776869948069,
          89.79723017350972,
          0,
          -26.344431257779767,
          -577.9894550095206,
          -3.5996565582630544,
          34.590056854714675,
          301.0103853974293,
          28.927672431086066,
          -116.53043216441804,
          10.472770764249393,
          0,
          -64.46005710745061,
          -63.10812190799883,
          11.74950308957296,
          -20.51467440117247,
          643.1925772795877,
          -0.3810051257112778,
          -66.19460038893969,
          3.801039592238689,
          19.646583977228133,
          50.121320674148095,
          -0.7568301295861755,
          -457.00672696021127,
          -16.46172207386854,
          -50.53686511935202,
          -17.20107399550995,
          26.506107304720587,
          -10.29989228355733,
          28.89700871044585,
          2.7609061119733176,
          524.9088342523021,
          29.90658873926513,
          -22.06358110421052,
          39.70104015521848,
          -147.93574767196966,
          61.12524680838615,
          -19.24796467221836,
          4.51620030830042,
          -33.973469725119664,
          -42.73719714518966,
          26.525373279493625,
          53.340588577280585,
          -40.90690715668605,
          11.822605974839155,
          -3.1724855081239283,
          22.265817566896818,
          19.81986614285857,
          7.1368380078272615,
          9.68682803246306,
          -40.531922969592046,
          -43.861842000423685,
          -18.277865974868345,
          -38.56181667397701,
          -9.72777960739604,
          -295.9546464841887,
          31.7529118310094,
          -18.30678562840546,
          0.0025072325183304552,
          -13.953564048840992,
          45.79809217471866,
          9.617135262556003,
          14.829554908445308,
          -7.612151719878358
        ],
        "minSharpe": -577.9894550095206,
        "avgSharpe": -14.424680216837364,
        "stdSharpe": 148.64319538823705,
        "passRate": 0.35353535353535354,
        "windowsPassed": 35,
        "totalWindows": 99,
        "totalTrades": 418
      },
      {
        "threshold": 3.5,
        "allWindowSharpes": [
          0,
          0,
          0,
          0,
          0,
          -211.27122678667791,
          177.4544950381504,
          0,
          0,
          0,
          -58.35096868944591,
          28.649467379194544,
          0,
          0,
          156.93929115793205,
          -0.22864002829740968,
          0.4050448750048027,
          -37.29843545436932,
          0.12315360650462574,
          -352.46579193819775,
          0,
          -4.005403131049795,
          -353.56943523830745,
          -31.5328946433608,
          0,
          0,
          7.61196985743583,
          0,
          0,
          0,
          0,
          0,
          0,
          0,
          0,
          -15.889776869948069,
          89.76728327850402,
          0,
          -26.344431257779767,
          -27576.325890234944,
          -3.5996565582630544,
          23.219039597964482,
          265.72820392448017,
          39.790000308543284,
          -116.53043216441804,
          9.648506863575435,
          0,
          -47.04476583730688,
          -428.0490462757601,
          11.74950308957296,
          -20.51467440117247,
          1985.9455340526422,
          -0.3810051257112778,
          -373.519788944685,
          21.19495272800478,
          13.213671395903823,
          46.17781327945198,
          -0.5950846726721162,
          -559.2573702892682,
          -16.46172207386854,
          -50.53686511935202,
          -18.241117731305593,
          0,
          -10.29989228355733,
          5.569872831039882,
          2.7609061119733176,
          524.9088342523021,
          16.60305088631449,
          -14.708671896749907,
          50.591254973485654,
          -173.99761011046522,
          19.4350586915556,
          -19.24796467221836,
          -12.049509776789565,
          -31.664757525201722,
          -2415.899128928051,
          11.809885652662663,
          50.346868137331434,
          -32.906729034696994,
          11.822605974839155,
          -41.397181833288656,
          22.265817566896818,
          19.196497101803647,
          19.800963250455393,
          -0.7733098678250774,
          3.966351342679973,
          -57.49755365716931,
          -78.20814462444324,
          -38.56181667397701,
          -6.546964928293269,
          -257.5344258065439,
          17.87516597884,
          -39.824734332873625,
          17.518171700952156,
          -5.810053106032722,
          34.16036694851157,
          42.25332023880468,
          3.5092271366838492,
          7.070335372212636
        ],
        "minSharpe": -27576.325890234944,
        "avgSharpe": -300.8066705852741,
        "stdSharpe": 2775.7480400613913,
        "passRate": 0.35353535353535354,
        "windowsPassed": 35,
        "totalWindows": 99,
        "totalTrades": 347
      },
      {
        "threshold": 4,