{
  "specs": [
    "w_structureAlignment",
    "w_killZoneActive",
    "w_liquiditySweep",
    "w_obProximity",
    "w_fvgAtCE",
    "w_recentBOS",
    "w_rrRatio",
    "w_oteZone",
    "w_obFvgConfluence",
    "w_momentumConfirmation",
    "t_uptrend+high",
    "t_uptrend+normal",
    "t_uptrend+low",
    "t_downtrend+normal",
    "t_downtrend+low",
    "baseThreshold",
    "obFreshnessHalfLife",
    "atrExtensionBands",
    "partialFraction",
    "partialTriggerR",
    "partialBeBuffer",
    "maxBars",
    "cooldownBars",
    "goldMinRangePct",
    "goldMinSweepPct",
    "goldLongBias",
    "goldVolScale",
    "goldTargetRR"
  ],
  "bestParams": [
    0.5637973357996976,
    1.3229292173527352,
    0.35757956306766636,
    0.9779016369247395,
    2.15796547440877,
    1.4085530655459166,
    1.2084875754442854,
    1.2089049090105766,
    0.16705649393804622,
    1.269804556435811,
    2.5,
    4.158554521380674,
    3.000002997859534,
    4.522280309830375,
    4.842698421228416,
    5.019665964330882,
    21.519342175559526,
    2.3546111274846027,
    0.41149238550185463,
    0.9465648693307988,
    0.10342522225463663,
    124.77372119161566,
    3.5308422767809495,
    0.15935438760332016,
    0.022357728321949835,
    1.0434199597923826,
    0.6790828100121111,
    2.8019271736292257
  ],
  "decoded": {
    "weightMultipliers": {
      "structureAlignment": 1.1275946715993952,
      "killZoneActive": 0.6614646086763676,
      "liquiditySweep": 0.7151591261353327,
      "obProximity": 0.9779016369247395,
      "fvgAtCE": 2.15796547440877,
      "recentBOS": 1.4085530655459166,
      "rrRatio": 1.8127313631664281,
      "oteZone": 0.6044524545052883,
      "obFvgConfluence": 0.16705649393804622,
      "momentumConfirmation": 0
    },
    "regimeThresholds": {
      "uptrend+high": 2.5,
      "uptrend+normal": 4.158554521380674,
      "uptrend+low": 3.000002997859534,
      "downtrend+normal": 4.522280309830375,
      "downtrend+low": 4.842698421228416
    },
    "baseThreshold": 5.019665964330882,
    "obFreshnessHalfLife": 22,
    "atrExtensionBands": 2.3546111274846027,
    "partialFraction": 0.41149238550185463,
    "partialTriggerR": 0.9465648693307988,
    "partialBeBuffer": 0.10342522225463663,
    "maxBars": 125,
    "cooldownBars": 4,
    "goldMinRangePct": 0.15935438760332016,
    "goldMinSweepPct": 0.022357728321949835,
    "goldLongBias": 1.0434199597923826,
    "goldVolScale": 0.6790828100121111,
    "goldTargetRR": 2.8019271736292257
  },
  "fitness": 0,
  "baselineFitness": 0,
  "generation": 0,
  "symbols": "GC_F",
  "config": {
    "generations": 1,
    "populationSize": 2,
    "sigma": 0.2,
    "warmStart": null
  },
  "history": [
    {
      "generation": 0,
      "meanFitness": 0,
      "bestFitness": 0,
      "sigma": 0.2
    }
  ],
  "baselineResult": {
    "passRate": 0.33299999999999996,
    "totalTrades": 4,
    "winRate": 25,
    "pnl": -0.0275
  },
  "finalResult": {
    "passRate": 0.6,
    "totalTrades": 7,
    "winRate": 42.9,
    "pnl": 0.020099999999999996
  }
}